{
  "Name": "rule-007",
  "Priority": 0,
  "Action": {
    "Block": {}
  },
  "VisibilityConfig": {
    "SampledRequestsEnabled": true,
    "CloudWatchMetricsEnabled": true,
    "MetricName": "rule-007"
  },
  "Statement": {
    "AndStatement": {
      "Statements": [
        {
          "XssMatchStatement": {
            "FieldToMatch": {
              "Body": {}
            },
            "TextTransformations": [
              {
                "Type": "URL_DECODE",
                "Priority": 0
              },
              {
                "Type": "HTML_ENTITY_DECODE",
                "Priority": 1
              }
            ]
          }
        },
        {
          "OrStatement": {
            "Statements": [
              {
                "NotStatement": {
                  "Statement": {
                    "ByteMatchStatement": {
                      "FieldToMatch": {
                        "Body": {}
                      },
                      "PositionalConstraint": "CONTAINS",
                      "SearchString": "style=",
                      "TextTransformations": [
                        {
                          "Type": "URL_DECODE",
                          "Priority": 0
                        },
                        {
                          "Type": "HTML_ENTITY_DECODE",
                          "Priority": 1
                        }
                      ]
                    }
                  }
                }
              },
              {
                "NotStatement": {
                  "Statement": {
                    "ByteMatchStatement": {
                      "FieldToMatch": {
                        "UriPath": {}
                      },
                      "PositionalConstraint": "CONTAINS",
                      "SearchString": "/uploadimages.php",
                      "TextTransformations": [
                        {
                          "Type": "LOWERCASE",
                          "Priority": 0
                        }
                      ]
                    }
                  }
                }
              }
            ]
          }
        }
      ]
    }
  }
}