{
  "Name": "rule-005",
  "Priority": 0,
  "Action": {
    "Block": {}
  },
  "VisibilityConfig": {
    "SampledRequestsEnabled": true,
    "CloudWatchMetricsEnabled": true,
    "MetricName": "rule-005"
  },
  "Statement": {
    "AndStatement": {
      "Statements": [
        {
          "GeoMatchStatement": {
            "CountryCodes": [
              "US","CA"
            ]
          }
        },
        {
          "NotStatement": {
            "Statement": {
              "RegexPatternSetReferenceStatement": {
                "FieldToMatch": {
                  "SingleHeader": {
                    "Name": "host"
                  }
                },
                "ARN": "arn:aws:wafv2:us-east-1:<aws-account-id>:regional/regexpatternset/<name>/<path-id>",
                "TextTransformations": [
                  {
                    "Type": "NONE",
                    "Priority": 0
                  }
                ]
              }
            }
          }
        }
      ]
    }
  }
}