{
  "Name": "rule-010",
  "Priority": 0,
  "Action": {
    "Block": {}
  },
  "VisibilityConfig": {
    "SampledRequestsEnabled": true,
    "CloudWatchMetricsEnabled": true,
    "MetricName": "rule-010"
  },
  "Statement": {
    "NotStatement": {
      "Statement": {
        "OrStatement": {
          "Statements": [
            {
              "GeoMatchStatement": {
                "CountryCodes": [
                  "AF", "AX", "AL", "DZ", "AS", "AD", "AO", "AI", "AQ", "AG", 
                  "AR", "AM", "AW", "AU", "AT", "AZ", "BS", "BH", "BD", "BB", 
                  "BY", "BE", "BZ", "BJ", "BM", "BT", "BO", "BQ", "BA", "BW", 
                  "BV", "BR", "IO", "BN", "BG", "BF", "BI", "KH", "CM", "CA", 
                  "CV", "KY", "CF", "TD", "CL", "CN", "CX", "CC", "CO", "KM"
                ]
              }
            },
            {
              "GeoMatchStatement": {
                "CountryCodes": [
                  "CG", "CD", "CK", "CR", "CI", "HR", "CU", "CW", "CY", "CZ", 
                  "DK", "DJ", "DM", "DO", "EC", "EG", "SV", "GQ", "ER", "EE", 
                  "ET", "FK", "FO", "FJ", "FI", "FR", "GF", "PF", "TF", "GA", 
                  "GM", "GE", "DE", "GH", "GI", "GR", "GL", "GD", "GP", "GU", 
                  "GT", "GG", "GN", "GW", "GY", "HT", "HM", "VA", "HN", "HK"
                ]
              }
            },
            {
              "GeoMatchStatement": {
                "CountryCodes": [
                  "HU", "IS", "IN", "ID", "IR", "IQ", "IE", "IM", "IL", "IT", 
                  "JM", "JP", "JE", "JO", "KZ", "KE", "KI", "KP", "KR", "KW", 
                  "KG", "LA", "LV", "LB", "LS", "LR", "LY", "LI", "LT", "LU", 
                  "MO", "MK", "MG", "MW", "MY", "MV", "ML", "MT", "MH", "MQ", 
                  "MR", "MU", "YT", "MX", "FM", "MD", "MC", "MN", "ME", "MS"
                ]
              }
            },
            {
              "GeoMatchStatement": {
                "CountryCodes": [
                  "MA", "MZ", "MM", "NA", "NR", "NP", "NL", "NC", "NZ", "NI", 
                  "NE", "NG", "NU", "NF", "MP", "NO", "OM", "PK", "PW", "PS", 
                  "PA", "PG", "PY", "PE", "PH", "PN", "PL", "PT", "QA", "RE", 
                  "RO", "RU", "RW", "BL", "SH", "KN", "LC", "MF", "PM", "VC", 
                  "WS", "SM", "ST", "SA", "SN", "RS", "SC", "SL", "SG", "SX"
                ]
              }
            },
            {
              "GeoMatchStatement": {
                "CountryCodes": [
                  "SK", "SI", "SB", "SO", "ZA", "GS", "SS", "ES", "LK", "SD", 
                  "SR", "SJ", "SZ", "SE", "CH", "SY", "TW", "TJ", "TZ", "TH", 
                  "TL", "TG", "TK", "TO", "TT", "TN", "TR", "TM", "TC", "TV", 
                  "UG", "UA", "AE", "GB", "UM", "UY", "UZ", "VU", "VE", "VN", 
                  "VG", "WF", "EH", "YE", "ZM", "ZW", "US", "VI", "PR"
                ]
              }
            }
          ]
        }
      }
    }
  }
}